cliente_id,Recencia,Frequencia,Valor,TicketMedio,Cluster
2,194,1,1094.65,1094.65,2
14,56,1,3349.02,3349.02,1
15,294,1,2061.87,2061.87,0
16,299,1,2873.89,2873.89,0
18,344,1,2245.47,2245.47,0
19,189,2,7028.540000000001,3514.2700000000004,3
21,266,1,554.15,554.15,0
22,257,1,2489.02,2489.02,0
24,78,1,4236.28,4236.28,1
25,163,1,2769.51,2769.51,1
26,91,2,4503.62,2251.81,3
27,18,1,1172.87,1172.87,2
29,251,1,1089.19,1089.19,0
30,23,1,2037.56,2037.56,2
31,49,2,3839.96,1919.98,3
32,46,2,2537.3,1268.65,2
37,149,1,4386.81,4386.81,1
39,153,2,7077.42,3538.71,3
41,98,1,1155.28,1155.28,2
42,347,1,1385.22,1385.22,0
46,110,1,2039.81,2039.81,2
56,281,1,3138.35,3138.35,1
60,278,1,3583.37,3583.37,1
63,115,1,604.82,604.82,2
65,195,1,4023.5,4023.5,1
67,153,1,50.15,50.15,2
71,15,1,2375.49,2375.49,2
73,240,1,1590.38,1590.38,0
75,353,1,3137.7,3137.7,0
76,109,2,5062.1,2531.05,3
77,308,1,798.86,798.86,0
82,194,1,1990.26,1990.26,0
83,34,1,3841.14,3841.14,1
84,74,2,5093.49,2546.745,3
85,234,1,2283.22,2283.22,0
87,203,1,4040.23,4040.23,1
90,58,1,621.11,621.11,2
93,141,1,4256.95,4256.95,1
97,32,2,4468.1,2234.05,3
98,7,1,4683.59,4683.59,1
99,38,1,1285.13,1285.13,2
101,166,1,1582.38,1582.38,2
104,170,2,2918.02,1459.01,3
108,12,2,3498.51,1749.255,3
110,239,1,4280.03,4280.03,1
112,52,1,3726.74,3726.74,1
113,129,1,1052.56,1052.56,2
114,152,1,3600.03,3600.03,1
116,327,1,1115.03,1115.03,0
117,147,1,1195.15,1195.15,2
118,203,1,3114.4,3114.4,1
120,264,1,967.46,967.46,0
121,151,1,3559.96,3559.96,1
122,300,1,970.6,970.6,0
125,201,1,1711.28,1711.28,0
130,281,2,5833.91,2916.955,3
131,221,1,2236.99,2236.99,0
139,5,1,2479.95,2479.95,2
140,103,1,977.41,977.41,2
141,183,1,2236.06,2236.06,0
142,25,2,5688.67,2844.335,3
143,153,1,787.57,787.57,2
144,178,1,1660.19,1660.19,2
146,262,1,4053.17,4053.17,1
149,324,1,1974.39,1974.39,0
150,162,1,3119.02,3119.02,1
153,343,1,844.66,844.66,0
155,166,1,1957.35,1957.35,2
158,103,2,3197.86,1598.93,3
159,81,2,3559.9799999999996,1779.9899999999998,3
160,55,2,4006.59,2003.295,3
162,139,1,4887.01,4887.01,1
163,254,2,6039.74,3019.87,3
164,205,2,4986.87,2493.435,3
165,236,1,3428.57,3428.57,1
167,355,1,3880.61,3880.61,1
168,108,2,5047.55,2523.775,3
170,6,1,4886.73,4886.73,1
171,104,2,4722.87,2361.435,3
172,51,1,3705.08,3705.08,1
175,80,1,3642.11,3642.11,1
177,85,1,3958.77,3958.77,1
182,67,2,7577.95,3788.975,3
184,247,1,2173.33,2173.33,0
187,159,1,3223.37,3223.37,1
188,75,1,2669.26,2669.26,2
189,330,1,109.85,109.85,0
192,104,1,1447.42,1447.42,2
193,340,1,4305.66,4305.66,1
194,66,1,3409.31,3409.31,1
197,52,2,2953.92,1476.96,3
200,325,1,3984.01,3984.01,1
201,186,1,1608.17,1608.17,2
205,48,1,1420.03,1420.03,2
206,278,1,47.52,47.52,0
212,97,2,513.27,256.635,2
216,92,1,3026.82,3026.82,1
219,215,1,2746.57,2746.57,1
224,199,1,579.22,579.22,2
228,65,1,3501.88,3501.88,1
229,149,1,4295.17,4295.17,1
232,72,1,3723.89,3723.89,1
233,108,1,1886.26,1886.26,2
235,2,1,4657.33,4657.33,1
243,147,1,1624.46,1624.46,2
250,347,1,4169.2,4169.2,1
251,219,1,3802.98,3802.98,1
252,136,1,1379.72,1379.72,2
253,204,1,2604.98,2604.98,0
254,357,1,2691.27,2691.27,0
256,70,1,1033.09,1033.09,2
257,53,3,6119.75,2039.9166666666667,3
258,68,3,5885.21,1961.7366666666667,3
261,247,1,1718.7,1718.7,0
263,83,1,1049.07,1049.07,2
266,332,1,1215.53,1215.53,0
268,40,1,4491.33,4491.33,1
270,346,2,6421.74,3210.87,3
275,313,1,981.38,981.38,0
284,90,1,4532.83,4532.83,1
286,50,1,2084.79,2084.79,2
287,63,1,2297.46,2297.46,2
295,126,1,4108.67,4108.67,1
296,358,1,4499.41,4499.41,1
298,210,1,1965.36,1965.36,0
304,152,3,7728.18,2576.06,3
310,24,1,1362.27,1362.27,2
312,26,2,6263.88,3131.94,3
314,5,1,4672.4,4672.4,1
315,42,1,2619.86,2619.86,2
317,315,1,3041.16,3041.16,0
318,4,1,4071.75,4071.75,1
322,53,3,9236.54,3078.846666666667,3
328,342,1,4292.12,4292.12,1
332,50,4,7584.450000000001,1896.1125000000002,3
336,21,1,2127.92,2127.92,2
337,344,1,3709.48,3709.48,1
338,300,1,3274.88,3274.88,1
339,258,1,4799.0,4799.0,1
342,241,1,2607.94,2607.94,0
343,164,1,1187.13,1187.13,2
344,169,3,3133.67,1044.5566666666666,3
345,235,1,1003.37,1003.37,0
346,214,1,2064.79,2064.79,0
347,206,1,3838.35,3838.35,1
348,83,1,4912.06,4912.06,1
349,353,1,586.12,586.12,0
354,245,1,4588.3,4588.3,1
358,75,1,4913.64,4913.64,1
363,183,1,700.22,700.22,2
365,95,1,1624.27,1624.27,2
366,191,1,1598.39,1598.39,0
368,28,2,4213.09,2106.545,3
371,344,1,143.9,143.9,0
373,103,2,5049.11,2524.555,3
374,34,1,651.02,651.02,2
381,239,1,530.85,530.85,0
382,348,1,514.37,514.37,0
383,123,1,979.31,979.31,2
385,267,2,5699.700000000001,2849.8500000000004,3
387,192,1,2993.22,2993.22,1
390,278,1,1185.85,1185.85,0
392,322,1,4785.85,4785.85,1
394,328,2,4364.87,2182.435,3
396,191,1,2712.86,2712.86,1
399,58,1,4148.99,4148.99,1
400,295,1,3506.31,3506.31,1
404,68,1,2378.97,2378.97,2
408,69,1,4267.86,4267.86,1
410,137,1,562.3,562.3,2
414,99,3,7397.38,2465.7933333333335,3
415,85,1,4709.94,4709.94,1
417,85,2,5766.7699999999995,2883.3849999999998,3
418,86,1,3539.51,3539.51,1
426,346,1,2398.43,2398.43,0
427,136,1,4045.13,4045.13,1
428,243,1,4249.23,4249.23,1
430,193,1,2858.99,2858.99,1
437,298,1,2943.23,2943.23,0
439,61,1,3160.9,3160.9,1
440,237,1,4937.12,4937.12,1
444,148,1,2167.6,2167.6,2
445,116,2,4992.4,2496.2,3
446,18,2,3582.44,1791.22,3
449,317,1,2777.7,2777.7,0
452,347,1,2924.14,2924.14,0
453,297,2,5313.24,2656.62,3
455,94,1,815.45,815.45,2
457,95,1,4846.22,4846.22,1
458,41,2,6217.59,3108.795,3
460,118,2,2822.6000000000004,1411.3000000000002,3
463,68,1,3451.43,3451.43,1
465,22,2,4167.01,2083.505,3
466,141,1,190.3,190.3,2
468,38,1,2333.42,2333.42,2
469,89,1,4349.19,4349.19,1
470,132,1,1175.69,1175.69,2
471,283,1,2405.08,2405.08,0
472,135,1,4610.51,4610.51,1
473,155,2,4419.03,2209.515,3
474,7,2,3859.73,1929.865,3
476,223,2,5825.07,2912.535,3
484,214,2,8337.130000000001,4168.5650000000005,3
485,225,2,5939.469999999999,2969.7349999999997,3
487,61,2,5861.299999999999,2930.6499999999996,3
491,65,2,7512.4400000000005,3756.2200000000003,3
492,353,1,2239.55,2239.55,0
494,218,2,8734.96,4367.48,3
498,92,1,2367.63,2367.63,2
500,306,1,1561.44,1561.44,0
505,199,1,2743.63,2743.63,1
506,300,2,6919.5199999999995,3459.7599999999998,3
509,152,1,3455.29,3455.29,1
512,243,1,2382.91,2382.91,0
513,34,1,2099.83,2099.83,2
514,84,1,2922.99,2922.99,1
520,343,1,3130.82,3130.82,0
525,137,1,4868.72,4868.72,1
526,190,1,392.82,392.82,2
532,43,2,6418.639999999999,3209.3199999999997,3
535,225,1,4287.78,4287.78,1
543,174,1,2082.59,2082.59,2
547,224,1,3071.39,3071.39,1
550,366,1,1788.24,1788.24,0
551,244,1,4643.44,4643.44,1
552,15,1,3477.88,3477.88,1
553,164,2,3166.5899999999997,1583.2949999999998,3
554,115,1,3285.34,3285.34,1
555,20,2,5698.040000000001,2849.0200000000004,3
556,357,1,175.32,175.32,0
558,3,2,5565.96,2782.98,3
559,280,1,732.21,732.21,0
561,80,1,4224.78,4224.78,1
562,310,1,810.14,810.14,0
563,95,1,2878.22,2878.22,1
567,139,1,4116.93,4116.93,1
574,238,2,8994.59,4497.295,3
577,5,1,1798.29,1798.29,2
581,98,2,3662.0,1831.0,3
583,66,2,2818.47,1409.235,3
587,81,1,345.21,345.21,2
590,16,3,6133.1,2044.3666666666668,3
594,140,1,4584.62,4584.62,1
596,298,1,36.76,36.76,0
597,142,1,3498.92,3498.92,1
600,113,1,535.21,535.21,2
601,187,1,151.71,151.71,2
602,13,1,3253.59,3253.59,1
603,291,1,3589.17,3589.17,1
605,41,1,888.75,888.75,2
606,40,3,8250.95,2750.316666666667,3
607,239,1,3098.3,3098.3,1
610,316,1,4479.83,4479.83,1
612,30,1,4086.2,4086.2,1
614,261,1,2993.52,2993.52,0
616,324,1,954.87,954.87,0
626,42,1,3499.87,3499.87,1
627,274,1,1465.21,1465.21,0
629,47,2,5014.19,2507.095,3
630,228,1,4610.36,4610.36,1
638,97,1,2035.45,2035.45,2
640,55,1,2824.16,2824.16,2
644,137,1,1885.61,1885.61,2
647,358,1,1676.96,1676.96,0
651,130,1,4742.95,4742.95,1
652,237,1,3822.48,3822.48,1
653,271,1,1717.79,1717.79,0
657,340,1,4521.24,4521.24,1
659,127,1,698.94,698.94,2
660,245,1,1411.61,1411.61,0
661,11,1,2696.97,2696.97,2
665,316,1,2217.33,2217.33,0
670,318,1,4932.71,4932.71,1
672,85,1,4069.56,4069.56,1
681,51,3,3133.82,1044.6066666666668,3
688,181,2,6034.58,3017.29,3
691,300,1,657.71,657.71,0
692,300,1,148.95,148.95,0
699,284,1,4603.15,4603.15,1
702,190,2,8402.34,4201.17,3
703,34,1,2104.5,2104.5,2
706,244,1,2588.18,2588.18,0
707,128,1,918.76,918.76,2
709,80,1,344.95,344.95,2
711,260,1,1483.74,1483.74,0
720,12,1,841.36,841.36,2
722,206,1,4592.26,4592.26,1
725,31,1,55.32,55.32,2
727,355,1,1148.34,1148.34,0
732,266,2,6501.43,3250.715,3
733,249,1,1395.19,1395.19,0
735,75,1,2462.89,2462.89,2
739,188,1,740.34,740.34,2
741,325,1,4836.64,4836.64,1
743,102,1,4825.67,4825.67,1
745,245,1,3544.13,3544.13,1
752,122,1,60.48,60.48,2
753,361,1,4380.8,4380.8,1
755,109,2,6755.91,3377.955,3
757,331,1,2922.51,2922.51,0
758,339,1,1609.79,1609.79,0
760,217,1,1159.08,1159.08,0
761,352,1,2180.65,2180.65,0
762,64,1,4676.78,4676.78,1
763,148,1,4805.67,4805.67,1
771,350,1,4747.22,4747.22,1
773,60,1,4778.13,4778.13,1
774,339,1,704.79,704.79,0
775,46,1,3427.93,3427.93,1
777,291,1,4545.03,4545.03,1
778,265,1,4007.83,4007.83,1
784,161,2,5283.5,2641.75,3
785,88,2,5820.43,2910.215,3
788,188,1,1235.66,1235.66,2
790,159,1,1835.31,1835.31,2
792,366,1,559.21,559.21,0
793,366,1,52.0,52.0,0
794,217,1,547.78,547.78,0
795,326,1,2168.89,2168.89,0
796,15,1,4654.78,4654.78,1
798,257,1,4821.08,4821.08,1
799,11,2,3407.1499999999996,1703.5749999999998,3
801,317,1,993.51,993.51,0
803,91,2,4867.27,2433.635,3
809,24,2,5316.75,2658.375,3
811,161,1,769.14,769.14,2
813,176,2,2319.54,1159.77,2
817,313,1,4718.93,4718.93,1
820,119,1,1575.39,1575.39,2
821,3,2,5866.18,2933.09,3
823,27,1,267.06,267.06,2
829,172,1,4408.7,4408.7,1
831,180,1,1678.91,1678.91,2
832,276,1,3637.03,3637.03,1
833,192,2,4995.65,2497.825,3
834,124,1,724.81,724.81,2
835,88,1,4865.55,4865.55,1
837,144,2,4908.610000000001,2454.3050000000003,3
840,50,3,5314.62,1771.54,3
841,41,1,3586.6,3586.6,1
843,312,1,2311.42,2311.42,0
844,132,1,2160.36,2160.36,2
846,20,1,1134.92,1134.92,2
847,203,1,3688.95,3688.95,1
848,239,1,2045.05,2045.05,0
854,117,1,2326.69,2326.69,2
855,257,1,4109.7,4109.7,1
857,64,2,6519.610000000001,3259.8050000000003,3
858,333,1,2804.51,2804.51,0
859,98,1,4004.49,4004.49,1
860,43,1,4803.54,4803.54,1
862,114,1,4448.63,4448.63,1
864,116,1,2934.82,2934.82,1
871,59,1,64.37,64.37,2
872,234,2,2388.0,1194.0,0
873,131,2,5443.39,2721.695,3
876,314,1,2266.4,2266.4,0
877,188,1,3141.48,3141.48,1
881,54,2,4750.66,2375.33,3
884,142,1,1523.73,1523.73,2
885,172,2,4200.73,2100.365,3
886,119,1,3258.71,3258.71,1
887,55,1,1255.27,1255.27,2
888,187,1,2020.09,2020.09,0
889,296,1,2006.53,2006.53,0
892,102,1,2621.02,2621.02,2
899,9,1,16.94,16.94,2
901,19,2,5651.01,2825.505,3
904,259,1,1940.27,1940.27,0
906,214,1,2062.34,2062.34,0
912,111,1,27.08,27.08,2
916,245,1,1169.8,1169.8,0
918,257,1,1453.21,1453.21,0
920,286,1,783.99,783.99,0
921,119,1,2025.57,2025.57,2
922,97,1,177.84,177.84,2
923,235,1,1255.38,1255.38,0
924,27,1,3998.47,3998.47,1
926,29,2,4132.29,2066.145,3
927,131,3,8990.74,2996.9133333333334,3
928,156,1,2685.21,2685.21,1
933,171,2,3366.25,1683.125,3
937,140,1,2668.99,2668.99,1
939,101,2,4352.99,2176.495,3
942,100,1,3897.35,3897.35,1
944,225,1,1415.42,1415.42,0
948,159,1,1515.43,1515.43,2
952,364,1,4794.66,4794.66,1
957,6,1,17.21,17.21,2
966,310,1,4356.65,4356.65,1
967,313,1,1426.58,1426.58,0
971,227,1,3787.94,3787.94,1
978,77,1,3455.59,3455.59,1
980,30,2,1976.51,988.255,2
981,30,1,4582.09,4582.09,1
983,328,1,820.66,820.66,0
985,128,1,3913.43,3913.43,1
986,5,1,2339.41,2339.41,2
988,82,1,4830.24,4830.24,1
994,310,1,2301.66,2301.66,0
997,219,1,2369.55,2369.55,0
999,216,1,2759.9,2759.9,1
1001,298,1,3637.66,3637.66,1
1002,96,1,4652.62,4652.62,1
1003,166,1,1366.23,1366.23,2
1004,188,1,2806.31,2806.31,1
1006,108,1,1546.31,1546.31,2
1010,364,1,4140.29,4140.29,1
1012,100,1,173.19,173.19,2
1015,60,2,6868.48,3434.24,3
1017,94,1,395.43,395.43,2
1021,72,1,3342.48,3342.48,1
1024,324,1,913.09,913.09,0
1025,79,2,5989.75,2994.875,3
1029,5,1,1949.66,1949.66,2
1032,214,1,3968.56,3968.56,1
1033,120,1,1133.8,1133.8,2
1035,2,1,3929.71,3929.71,1
1036,334,1,4633.36,4633.36,1
1038,74,1,1727.34,1727.34,2
1043,178,2,4761.18,2380.59,3
1044,46,1,4578.9,4578.9,1
1047,364,1,30.15,30.15,0
1051,134,2,751.01,375.505,2
1053,247,1,4389.51,4389.51,1
1054,285,2,2103.84,1051.92,0
1058,165,1,2459.39,2459.39,2
1059,315,1,176.51,176.51,0
1062,344,1,2248.1,2248.1,0
1066,147,2,2582.2599999999998,1291.1299999999999,2
1068,209,1,2590.88,2590.88,0
1069,29,2,1402.4,701.2,2
1073,289,1,789.15,789.15,0
1077,72,2,9028.25,4514.125,3
1079,303,1,1856.96,1856.96,0
1090,144,2,3377.6400000000003,1688.8200000000002,3
1092,249,2,7293.51,3646.755,3
1094,5,2,5226.73,2613.365,3
1095,103,1,1042.21,1042.21,2
1099,108,1,1325.96,1325.96,2
1104,363,1,2750.17,2750.17,0
1108,105,2,4399.52,2199.76,3
1109,355,1,4285.72,4285.72,1
1111,91,1,2394.52,2394.52,2
1113,20,1,4801.68,4801.68,1
1114,6,3,7590.16,2530.0533333333333,3
1121,47,1,4411.78,4411.78,1
1122,20,1,749.97,749.97,2
1123,62,1,3847.83,3847.83,1
1124,102,1,3695.55,3695.55,1
1128,263,1,2002.78,2002.78,0
1129,181,2,5887.71,2943.855,3
1130,235,1,1756.64,1756.64,0
1131,79,4,13547.990000000002,3386.9975000000004,3
1132,28,1,90.18,90.18,2
1134,179,1,4803.98,4803.98,1
1136,346,1,2514.16,2514.16,0
1138,15,2,3446.81,1723.405,3
1139,152,2,3285.7200000000003,1642.8600000000001,3
1144,253,1,767.72,767.72,0
1150,286,1,2690.51,2690.51,0
1151,125,1,3953.07,3953.07,1
1152,13,1,3748.97,3748.97,1
1153,134,1,3951.07,3951.07,1
1155,62,3,7081.18,2360.3933333333334,3
1157,59,1,1655.37,1655.37,2
1162,80,1,4279.19,4279.19,1
1163,248,2,5448.83,2724.415,3
1164,215,1,3734.65,3734.65,1
1167,201,1,3145.44,3145.44,1
1169,356,1,3216.92,3216.92,0
1177,126,1,4422.81,4422.81,1
1179,233,1,900.95,900.95,0
1183,168,2,8133.32,4066.66,3
1184,146,1,3492.81,3492.81,1
1188,324,1,4507.72,4507.72,1
1191,65,1,1016.27,1016.27,2
1192,207,1,2271.87,2271.87,0
1196,313,1,1685.14,1685.14,0
1197,333,1,287.97,287.97,0
1199,73,1,631.51,631.51,2
1200,13,2,3452.34,1726.17,3
1202,190,1,2807.32,2807.32,1
1204,125,1,2609.55,2609.55,2
1215,109,1,4171.39,4171.39,1
1217,81,1,2978.41,2978.41,1
1224,25,1,214.07,214.07,2
1226,273,1,1422.43,1422.43,0
1234,19,2,4459.92,2229.96,3
1235,98,1,1249.59,1249.59,2
1237,160,2,5715.82,2857.91,3
1238,291,1,1952.01,1952.01,0
1239,279,1,2864.81,2864.81,0
1240,363,1,4765.43,4765.43,1
1246,292,1,1028.7,1028.7,0
1247,255,1,1422.22,1422.22,0
1249,257,2,7050.5199999999995,3525.2599999999998,3
1250,87,2,4901.52,2450.76,3
1252,341,1,3742.63,3742.63,1
1255,87,1,2477.94,2477.94,2
1257,77,1,4464.68,4464.68,1
1258,55,2,4362.89,2181.445,3
1259,274,2,4300.45,2150.225,3
1261,250,1,4819.75,4819.75,1
1263,336,1,2231.16,2231.16,0
1264,251,1,2884.19,2884.19,0
1266,139,1,792.3,792.3,2
1267,61,2,3369.67,1684.835,3
1269,115,2,8554.54,4277.27,3
1270,134,1,2182.02,2182.02,2
1275,6,2,5590.88,2795.44,3
1276,308,1,690.08,690.08,0
1277,97,1,1736.1,1736.1,2
1278,290,1,4284.07,4284.07,1
1281,52,1,3753.09,3753.09,1
1283,303,1,4637.71,4637.71,1
1284,118,3,6083.21,2027.7366666666667,3
1288,310,1,1669.94,1669.94,0
1290,289,1,3870.05,3870.05,1
1291,123,2,5321.45,2660.725,3
1292,170,1,3813.09,3813.09,1
1294,194,2,4440.6,2220.3,3
1295,21,2,5893.19,2946.595,3
1308,337,1,3152.16,3152.16,0
1310,3,1,2937.54,2937.54,2
1311,56,1,1651.87,1651.87,2
1322,268,1,2661.46,2661.46,0
1324,3,1,2615.59,2615.59,2
1327,338,1,3892.86,3892.86,1
1328,167,2,5070.58,2535.29,3
1329,74,3,7110.700000000001,2370.2333333333336,3
1331,133,1,464.0,464.0,2
1333,210,1,418.53,418.53,2
1339,5,2,8471.02,4235.51,3
1340,31,1,1171.97,1171.97,2
1341,197,1,4204.97,4204.97,1
1343,61,1,3320.71,3320.71,1
1347,361,1,527.29,527.29,0
1349,62,1,2534.07,2534.07,2
1351,355,1,1928.49,1928.49,0
1352,360,1,1874.17,1874.17,0
1353,156,1,3508.04,3508.04,1
1354,190,1,3568.12,3568.12,1
1358,255,2,7511.73,3755.865,3
1361,5,1,519.58,519.58,2
1366,64,2,4887.48,2443.74,3
1368,230,1,1639.47,1639.47,0
1369,38,1,1859.52,1859.52,2
1370,146,2,6193.55,3096.775,3
1372,19,1,1474.1,1474.1,2
1373,29,1,970.08,970.08,2
1376,121,1,2975.86,2975.86,1
1378,224,2,3053.5200000000004,1526.7600000000002,3
1379,167,1,2083.2,2083.2,2
1382,113,1,3782.78,3782.78,1
1385,297,1,1888.87,1888.87,0
1386,272,1,814.45,814.45,0
1395,145,1,2839.45,2839.45,1
1396,78,1,4838.13,4838.13,1
1400,208,1,810.72,810.72,0
1402,235,1,355.98,355.98,0
1403,248,1,1725.36,1725.36,0
1404,276,1,1767.35,1767.35,0
1405,272,1,2642.13,2642.13,0
1407,357,1,491.28,491.28,0
1408,318,1,1381.42,1381.42,0
1409,250,1,3568.42,3568.42,1
1411,283,1,4238.69,4238.69,1
1414,91,2,4888.33,2444.165,3
1415,204,1,500.99,500.99,2
1416,158,1,2796.2,2796.2,1
1420,102,1,4496.94,4496.94,1
1425,309,1,1367.92,1367.92,0
1428,292,1,4895.58,4895.58,1
1430,290,2,5342.87,2671.435,3
1435,198,1,3410.8,3410.8,1
1440,31,2,2724.8,1362.4,2
1442,1,3,8781.24,2927.08,3
1447,255,1,356.55,356.55,0
1448,268,1,1927.69,1927.69,0
1449,144,1,2588.43,2588.43,1
1452,362,1,3949.87,3949.87,1
1461,355,1,1883.12,1883.12,0
1463,149,1,3423.74,3423.74,1
1464,188,1,4460.82,4460.82,1
1466,64,1,1385.02,1385.02,2
1468,318,1,3148.61,3148.61,0
1469,284,1,2880.67,2880.67,0
1470,225,1,3682.78,3682.78,1
1473,1,2,6342.469999999999,3171.2349999999997,3
1474,203,1,3897.69,3897.69,1
1481,69,2,2244.21,1122.105,2
1484,100,1,3860.94,3860.94,1
1485,97,2,6808.97,3404.485,3
1488,34,1,376.71,376.71,2
1490,246,2,3747.53,1873.765,3
1491,268,1,4467.31,4467.31,1
1492,14,2,4022.44,2011.22,3
1493,152,1,4929.93,4929.93,1
1496,311,1,746.67,746.67,0
1503,358,1,3646.4,3646.4,1
1505,221,3,5460.71,1820.2366666666667,3
1506,40,2,5833.629999999999,2916.8149999999996,3
1512,11,1,3557.28,3557.28,1
1513,3,2,2625.4399999999996,1312.7199999999998,2
1517,366,1,2723.14,2723.14,0
1519,162,1,1874.95,1874.95,2
1520,342,1,2041.96,2041.96,0
1521,328,1,4906.37,4906.37,1
1524,11,2,4209.71,2104.855,3
1525,36,1,4071.57,4071.57,1
1527,270,1,2037.36,2037.36,0
1528,19,2,5315.02,2657.51,3
1532,96,1,1650.95,1650.95,2
1534,133,1,1159.41,1159.41,2
1535,351,1,4533.72,4533.72,1
1536,323,1,4690.38,4690.38,1
1542,111,1,3756.71,3756.71,1
1543,68,1,1972.29,1972.29,2
1544,146,2,4204.77,2102.385,3
1545,110,2,4090.35,2045.175,3
1551,54,2,6802.09,3401.045,3
1552,24,1,4341.08,4341.08,1
1555,101,1,4084.76,4084.76,1
1556,162,1,1905.56,1905.56,2
1557,106,2,2208.69,1104.345,2
1560,284,1,4646.0,4646.0,1
1561,307,1,486.87,486.87,0
1562,51,1,2980.45,2980.45,1
1563,116,1,2933.4,2933.4,1
1565,341,1,4246.54,4246.54,1
1570,280,1,2872.22,2872.22,0
1571,4,1,423.05,423.05,2
1573,44,1,4938.37,4938.37,1
1575,312,1,2807.67,2807.67,0
1576,254,2,5891.27,2945.635,3
1579,233,2,5432.75,2716.375,3
1580,10,2,7917.42,3958.71,3
1588,147,1,1459.17,1459.17,2
1589,54,3,5117.43,1705.8100000000002,3
1591,37,2,7097.02,3548.51,3
1592,124,2,7944.969999999999,3972.4849999999997,3
1595,205,1,794.64,794.64,0
1596,9,2,3986.29,1993.145,3
1599,173,1,2295.25,2295.25,2
1605,154,1,1383.32,1383.32,2
1607,21,1,1862.17,1862.17,2
1608,249,1,3611.44,3611.44,1
1610,120,1,1602.09,1602.09,2
1615,130,1,531.88,531.88,2
1616,262,1,3762.7,3762.7,1
1621,1,2,2656.83,1328.415,2
1629,138,1,3477.37,3477.37,1
1630,18,1,1308.02,1308.02,2
1634,333,1,326.12,326.12,0
1639,184,1,4023.96,4023.96,1
1640,270,1,1816.27,1816.27,0
1641,205,2,2784.87,1392.435,3
1642,100,2,2489.02,1244.51,2
1643,117,1,1361.14,1361.14,2
1645,49,2,3316.1,1658.05,3
1649,126,1,3501.85,3501.85,1
1650,313,1,1960.7,1960.7,0
1652,111,1,3487.68,3487.68,1
1654,159,1,1071.13,1071.13,2
1655,310,1,4360.24,4360.24,1
1656,364,1,4848.03,4848.03,1
1657,299,1,1439.75,1439.75,0
1659,200,1,752.46,752.46,2
1661,53,1,508.69,508.69,2
1664,113,2,8654.8,4327.4,3
1665,314,2,5676.62,2838.31,3
1667,283,1,3852.73,3852.73,1
1673,184,2,7880.369999999999,3940.1849999999995,3
1674,289,1,3940.08,3940.08,1
1675,201,1,77.82,77.82,2
1678,35,1,3586.95,3586.95,1
1686,18,1,3190.23,3190.23,1
1688,222,1,3905.68,3905.68,1
1696,71,1,99.6,99.6,2
1697,46,3,10143.41,3381.1366666666668,3
1700,7,1,3032.41,3032.41,1
1702,119,1,425.71,425.71,2
1703,245,1,2534.88,2534.88,0
1704,191,1,3143.95,3143.95,1
1706,103,1,3741.83,3741.83,1
1711,28,2,4864.88,2432.44,3
1715,30,1,1762.38,1762.38,2
1716,216,1,2444.32,2444.32,0
1720,291,2,4291.24,2145.62,3
1724,71,1,2288.19,2288.19,2
1727,328,3,4866.74,1622.2466666666667,3
1730,112,1,4510.33,4510.33,1
1731,315,2,4381.139999999999,2190.5699999999997,3
1732,119,1,766.88,766.88,2
1733,181,1,2779.46,2779.46,1
1735,257,2,2298.1000000000004,1149.0500000000002,0
1739,271,1,410.91,410.91,0
1740,60,1,4824.45,4824.45,1
1741,65,1,178.6,178.6,2
1742,351,1,2128.49,2128.49,0
1743,147,2,5699.040000000001,2849.5200000000004,3
1747,204,1,2482.91,2482.91,0
1750,4,1,992.52,992.52,2
1754,204,2,4098.85,2049.425,3
1756,197,2,612.0,306.0,2
1758,225,2,7948.030000000001,3974.0150000000003,3
1766,221,1,1066.19,1066.19,0
1769,176,1,4893.87,4893.87,1
1772,39,2,8894.150000000001,4447.075000000001,3
1774,205,1,3319.91,3319.91,1
1775,212,1,2426.76,2426.76,0
1776,267,1,4549.38,4549.38,1
1778,118,2,4912.34,2456.17,3
1779,46,1,785.5,785.5,2
1780,13,2,3631.41,1815.705,3
1782,148,3,6094.95,2031.6499999999999,3
1783,68,3,4162.06,1387.3533333333335,3
1787,243,2,2405.37,1202.685,0
1789,219,1,3952.28,3952.28,1
1790,47,2,816.74,408.37,2
1793,46,1,3461.69,3461.69,1
1796,58,1,2352.26,2352.26,2
1798,275,1,1514.36,1514.36,0
1800,84,1,3816.28,3816.28,1
1806,322,1,1976.63,1976.63,0
1811,301,1,411.48,411.48,0
1812,12,1,4635.1,4635.1,1
1814,348,1,378.26,378.26,0
1815,214,2,4786.39,2393.195,3
1816,351,1,1297.52,1297.52,0
1822,274,1,2147.2,2147.2,0
1824,144,1,2170.69,2170.69,2
1827,56,3,4036.04,1345.3466666666666,3
1829,97,1,2474.43,2474.43,2
1831,277,1,3917.55,3917.55,1
1832,42,1,2002.12,2002.12,2
1834,2,1,1077.66,1077.66,2
1835,57,1,3559.78,3559.78,1
1837,213,1,1422.86,1422.86,0
1840,246,2,6443.48,3221.74,3
1850,218,2,2789.65,1394.825,0
1851,61,1,2275.01,2275.01,2
1855,114,1,3197.27,3197.27,1
1857,183,1,4283.55,4283.55,1
1864,344,1,1844.39,1844.39,0
1866,20,1,245.17,245.17,2
1869,213,1,3936.86,3936.86,1
1870,53,1,1086.76,1086.76,2
1872,66,1,3855.71,3855.71,1
1874,198,1,800.09,800.09,2
1882,16,1,2522.17,2522.17,2
1883,351,1,618.34,618.34,0
1886,89,1,409.77,409.77,2
1889,135,1,3962.29,3962.29,1
1891,316,1,2247.3,2247.3,0
1893,201,1,3287.29,3287.29,1
1894,282,1,364.99,364.99,0
1897,242,1,4885.65,4885.65,1
1898,314,1,1818.77,1818.77,0
1900,104,1,4865.45,4865.45,1
1901,182,2,5450.23,2725.115,3
1902,90,2,4899.04,2449.52,3
1907,271,1,2094.59,2094.59,0
1909,265,2,403.30999999999995,201.65499999999997,0
1911,88,1,291.85,291.85,2
1912,340,1,2241.31,2241.31,0
1915,104,2,2877.89,1438.945,3
1918,225,1,4501.65,4501.65,1
1920,39,2,4380.59,2190.295,3
1922,87,1,4224.76,4224.76,1
1923,14,1,3227.32,3227.32,1
1924,321,1,3111.39,3111.39,0
1926,109,2,5976.01,2988.005,3
1928,282,1,4198.91,4198.91,1
1931,256,1,4156.93,4156.93,1
1932,207,1,1332.78,1332.78,0
1935,99,1,1830.91,1830.91,2
1938,77,1,2254.51,2254.51,2
1940,41,2,5392.51,2696.255,3
1941,124,1,4876.57,4876.57,1
1943,165,1,1337.49,1337.49,2
1946,326,1,3306.43,3306.43,0
1947,74,1,2201.92,2201.92,2
1949,49,1,2101.62,2101.62,2
1950,118,1,2075.57,2075.57,2
1958,135,1,1819.79,1819.79,2
1959,90,1,2734.7,2734.7,2
1964,297,1,3016.76,3016.76,0
1969,301,1,3444.83,3444.83,1
1970,129,1,1631.31,1631.31,2
1972,4,1,3589.74,3589.74,1
1973,239,1,2946.44,2946.44,1
1975,318,1,1228.03,1228.03,0
1976,253,2,6761.67,3380.835,3
1978,127,1,160.42,160.42,2
1980,158,1,4463.36,4463.36,1
1983,21,1,1308.96,1308.96,2
1984,36,2,9003.34,4501.67,3
1985,219,2,4797.08,2398.54,3
1987,359,1,2617.77,2617.77,0
1991,100,1,3060.26,3060.26,1
1992,262,1,2978.77,2978.77,0
1993,65,1,999.5,999.5,2
1995,70,1,3308.68,3308.68,1
1997,156,1,2723.97,2723.97,1
1999,127,1,4379.89,4379.89,1
2001,257,1,3023.7,3023.7,1
2004,96,1,4244.72,4244.72,1
2006,129,1,3164.54,3164.54,1
2008,133,1,4238.73,4238.73,1
2011,36,2,7429.24,3714.62,3
2014,20,1,4312.47,4312.47,1
2015,28,1,1955.85,1955.85,2
2019,304,1,2301.54,2301.54,0
2020,238,1,3117.67,3117.67,1
2022,358,1,4637.09,4637.09,1
2024,145,1,4833.16,4833.16,1
2026,178,2,4161.09,2080.545,3
2027,208,1,2549.01,2549.01,0
2033,27,2,3551.25,1775.625,3
2035,11,1,255.63,255.63,2
2036,262,1,206.44,206.44,0
2037,341,1,4465.86,4465.86,1
2039,274,1,1657.56,1657.56,0
2041,144,1,2199.47,2199.47,2
2044,73,1,2881.39,2881.39,1
2045,5,1,1504.68,1504.68,2
2050,285,1,2889.6,2889.6,0
2052,182,1,1115.46,1115.46,2
2053,321,1,1164.89,1164.89,0
2055,341,1,3288.72,3288.72,0
2059,288,1,4818.98,4818.98,1
2060,15,2,5393.12,2696.56,3
2069,47,1,2646.31,2646.31,2
2070,216,1,1782.25,1782.25,0
2071,15,2,5600.71,2800.355,3
2078,125,1,2486.54,2486.54,2
2079,169,2,2291.7200000000003,1145.8600000000001,2
2084,68,1,4200.85,4200.85,1
2090,192,1,1251.43,1251.43,2
2091,294,1,934.85,934.85,0
2092,199,1,4686.67,4686.67,1
2093,99,1,1019.23,1019.23,2
2094,97,2,5091.46,2545.73,3
2098,196,1,2062.61,2062.61,0
2099,277,1,2878.77,2878.77,0
2100,278,1,2963.39,2963.39,0
2101,312,1,2725.01,2725.01,0
2104,51,1,4167.94,4167.94,1
2105,346,1,3156.75,3156.75,0
2107,32,3,11291.93,3763.976666666667,3
2110,166,1,3125.14,3125.14,1
2111,191,1,271.35,271.35,2
2115,99,2,3693.79,1846.895,3
2123,196,1,4441.53,4441.53,1
2124,247,1,3830.93,3830.93,1
2127,248,1,3907.12,3907.12,1
2130,261,2,6318.719999999999,3159.3599999999997,3
2134,343,1,2375.46,2375.46,0
2135,130,1,420.83,420.83,2
2143,215,1,4168.24,4168.24,1
2146,67,1,4414.61,4414.61,1
2150,357,1,4057.69,4057.69,1
2152,340,1,2124.78,2124.78,0
2153,77,1,611.56,611.56,2
2154,34,2,3975.07,1987.535,3
2156,273,1,1705.41,1705.41,0
2158,222,1,4052.44,4052.44,1
2160,173,1,4430.38,4430.38,1
2161,132,1,3751.3,3751.3,1
2174,292,1,2156.56,2156.56,0
2175,94,1,4559.45,4559.45,1
2179,84,2,6140.889999999999,3070.4449999999997,3
2181,49,1,380.14,380.14,2
2190,77,1,3172.92,3172.92,1
2192,209,1,4548.91,4548.91,1
2194,57,1,411.94,411.94,2
2195,183,1,4417.08,4417.08,1
2201,200,1,3299.83,3299.83,1
2204,20,2,8028.89,4014.445,3
2205,106,1,3302.53,3302.53,1
2208,38,2,3092.17,1546.085,3
2209,324,1,1444.57,1444.57,0
2210,272,1,3856.07,3856.07,1
2215,188,1,3013.09,3013.09,1
2219,117,1,1766.06,1766.06,2
2221,76,2,2181.35,1090.675,2
2226,57,1,3673.08,3673.08,1
2228,33,2,6442.76,3221.38,3
2230,95,1,4427.29,4427.29,1
2231,208,2,9454.68,4727.34,3
2237,41,1,2095.14,2095.14,2
2238,87,1,1525.49,1525.49,2
2239,59,1,926.65,926.65,2
2240,248,1,3527.53,3527.53,1
2251,365,1,1161.15,1161.15,0
2252,362,1,1681.4,1681.4,0
2258,161,1,4324.19,4324.19,1
2259,266,1,684.66,684.66,0
2266,303,1,3894.49,3894.49,1
2270,196,1,3264.88,3264.88,1
2277,37,2,3256.3999999999996,1628.1999999999998,3
2281,135,1,4488.01,4488.01,1
2289,188,1,1904.98,1904.98,0
2291,20,1,2239.79,2239.79,2
2293,45,2,2056.23,1028.115,2
2294,193,1,1646.1,1646.1,0
2295,107,1,1806.88,1806.88,2
2297,243,1,2527.16,2527.16,0
2298,28,2,6613.65,3306.825,3
2299,193,1,1584.4,1584.4,0
2303,154,2,7967.29,3983.645,3
2304,173,1,3337.6,3337.6,1
2305,140,1,4014.06,4014.06,1
2306,73,3,12818.66,4272.886666666666,3
2307,155,2,5629.28,2814.64,3
2308,57,1,3819.03,3819.03,1
2309,179,2,4479.54,2239.77,3
2311,190,1,1021.41,1021.41,2
2312,60,1,3465.47,3465.47,1
2314,93,1,1392.75,1392.75,2
2321,243,1,2169.07,2169.07,0
2322,120,1,2230.53,2230.53,2
2323,227,1,2877.59,2877.59,1
2332,131,1,221.26,221.26,2
2336,28,1,1764.61,1764.61,2
2338,156,1,856.46,856.46,2
2339,302,1,1419.45,1419.45,0
2342,272,1,1973.0,1973.0,0
2343,224,1,1555.44,1555.44,0
2345,258,1,2105.77,2105.77,0
2346,207,1,345.38,345.38,2
2347,322,2,2826.94,1413.47,0
2351,249,1,2856.74,2856.74,0
2354,81,1,2312.95,2312.95,2
2355,175,2,5331.83,2665.915,3
2357,139,2,4828.21,2414.105,3
2358,28,1,4600.3,4600.3,1
2359,73,1,135.67,135.67,2
2360,265,2,5815.66,2907.83,3
2361,12,2,5045.4800000000005,2522.7400000000002,3
2363,351,1,3559.41,3559.41,1
2365,105,1,3446.76,3446.76,1
2367,133,1,581.67,581.67,2
2368,283,1,3008.76,3008.76,0
2369,184,2,8824.150000000001,4412.075000000001,3
2370,333,1,823.72,823.72,0
2372,80,1,1792.52,1792.52,2
2373,199,1,1798.7,1798.7,0
2375,155,1,2140.53,2140.53,2
2379,289,1,1655.75,1655.75,0
2381,329,1,2915.22,2915.22,0
2382,209,1,2591.0,2591.0,0
2383,104,1,4106.78,4106.78,1
2387,24,1,85.17,85.17,2
2389,278,1,4305.29,4305.29,1
2392,198,1,427.65,427.65,2
2397,366,1,1186.46,1186.46,0
2398,236,1,4133.22,4133.22,1
2399,350,1,1448.43,1448.43,0
2401,108,2,3984.6400000000003,1992.3200000000002,3
2404,290,1,4563.41,4563.41,1
2407,288,1,1437.78,1437.78,0
2408,135,1,2289.04,2289.04,2
2409,338,1,2423.07,2423.07,0
2410,40,2,7817.26,3908.63,3
2417,143,1,3516.71,3516.71,1
2418,210,1,4411.03,4411.03,1
2422,272,1,2681.79,2681.79,0
2426,33,1,1755.67,1755.67,2
2427,128,2,3755.6000000000004,1877.8000000000002,3
2428,120,1,3338.63,3338.63,1
2434,181,1,397.47,397.47,2
2439,4,1,2875.65,2875.65,2
2440,48,1,2243.16,2243.16,2
2443,107,1,3928.83,3928.83,1
2444,349,1,4046.6,4046.6,1
2449,286,1,480.21,480.21,0
2450,192,1,4312.01,4312.01,1
2454,333,1,945.74,945.74,0
2458,182,1,2373.18,2373.18,0
2461,350,1,2934.23,2934.23,0
2467,129,2,5028.97,2514.485,3
2470,334,1,3858.82,3858.82,1
2471,143,1,3725.77,3725.77,1
2475,197,4,6311.7,1577.925,3
2476,317,1,4718.86,4718.86,1
2479,133,1,3457.1,3457.1,1
2480,290,1,2109.18,2109.18,0
2483,92,2,5795.25,2897.625,3
2491,274,1,3128.48,3128.48,1
2492,261,1,175.46,175.46,0
2493,131,1,2050.94,2050.94,2
2494,98,1,218.18,218.18,2
2496,277,1,861.33,861.33,0
2497,17,1,4602.7,4602.7,1
2499,285,1,2100.58,2100.58,0
2500,19,1,3221.9,3221.9,1
2502,298,1,1351.08,1351.08,0
2505,290,1,4114.09,4114.09,1
2511,251,2,2308.22,1154.11,0
2512,289,1,64.84,64.84,0
2520,95,1,1654.87,1654.87,2
2526,233,1,2873.28,2873.28,1
2527,189,2,6093.41,3046.705,3
2530,174,2,6743.0,3371.5,3
2532,3,1,899.69,899.69,2
2533,275,1,2521.34,2521.34,0
2537,291,1,2391.26,2391.26,0
2539,50,3,8283.39,2761.1299999999997,3
2540,19,1,3274.92,3274.92,1
2543,115,1,3522.89,3522.89,1
2544,196,1,3050.79,3050.79,1
2546,189,1,1855.3,1855.3,0
2549,225,1,19.82,19.82,0
2555,239,1,1137.5,1137.5,0
2556,339,1,4644.21,4644.21,1
2559,284,1,3495.55,3495.55,1
2560,114,1,1230.61,1230.61,2
2562,271,1,4343.8,4343.8,1
2567,268,1,296.31,296.31,0
2568,10,2,4009.5,2004.75,3
2571,144,2,7693.66,3846.83,3
2572,318,1,3167.66,3167.66,0
2573,204,1,4064.53,4064.53,1
2575,30,1,694.35,694.35,2
2576,68,1,126.08,126.08,2
2580,122,1,740.59,740.59,2
2581,205,1,544.16,544.16,2
2582,69,1,479.13,479.13,2
2583,54,1,2007.84,2007.84,2
2585,120,1,2687.94,2687.94,1
2590,59,1,784.69,784.69,2
2596,260,1,4616.47,4616.47,1
2598,365,1,1314.31,1314.31,0
2599,16,1,1685.23,1685.23,2
2600,139,1,2405.52,2405.52,2
2603,45,2,3613.8199999999997,1806.9099999999999,3
2604,290,1,3522.99,3522.99,1
2605,134,2,4819.32,2409.66,3
2606,83,1,2788.95,2788.95,1
2616,141,3,9374.79,3124.9300000000003,3
2620,12,2,695.87,347.935,2
2624,30,1,4009.31,4009.31,1
2626,71,2,5199.51,2599.755,3
2628,204,1,3454.16,3454.16,1
2634,355,1,892.01,892.01,0
2636,153,1,1797.74,1797.74,2
2642,129,1,2008.49,2008.49,2
2646,170,1,3532.43,3532.43,1
2647,72,1,2834.34,2834.34,1
2648,58,1,2694.0,2694.0,2
2649,35,2,6199.129999999999,3099.5649999999996,3
2650,42,1,2748.54,2748.54,2
2653,23,2,844.75,422.375,2
2654,97,1,3230.88,3230.88,1
2655,365,1,2803.02,2803.02,0
2656,190,1,923.47,923.47,2
2657,76,1,285.24,285.24,2
2660,135,1,2549.49,2549.49,2
2661,214,1,4257.81,4257.81,1
2663,158,1,4113.6,4113.6,1
2664,77,1,3432.29,3432.29,1
2665,299,2,8561.14,4280.57,3
2666,127,2,3446.69,1723.345,3
2668,109,1,4374.0,4374.0,1
2675,106,2,2044.82,1022.41,2
2677,264,1,4133.04,4133.04,1
2678,29,1,4228.02,4228.02,1
2683,275,1,380.29,380.29,0
2686,100,1,4576.1,4576.1,1
2688,26,1,3107.69,3107.69,1
2690,105,1,1799.44,1799.44,2
2691,140,1,3866.41,3866.41,1
2696,143,1,736.92,736.92,2
2700,53,1,1613.92,1613.92,2
2709,194,1,3864.29,3864.29,1
2710,154,1,2648.88,2648.88,1
2711,173,2,5570.65,2785.325,3
2715,102,1,4693.59,4693.59,1
2725,25,1,4141.25,4141.25,1
2726,33,1,2808.44,2808.44,2
2729,164,2,5388.27,2694.135,3
2731,64,1,1675.18,1675.18,2
2732,81,1,442.02,442.02,2
2733,62,1,1986.32,1986.32,2
2734,278,1,3800.02,3800.02,1
2735,47,1,33.34,33.34,2
2737,195,2,2408.79,1204.395,2
2738,110,1,3399.24,3399.24,1
2743,189,1,419.72,419.72,2
2745,142,1,4087.99,4087.99,1
2746,103,1,3284.79,3284.79,1
2748,140,2,3120.84,1560.42,3
2753,36,1,3217.95,3217.95,1
2755,79,1,4742.04,4742.04,1
2757,172,2,2429.24,1214.62,2
2760,145,2,3589.6,1794.8,3
2764,304,1,2944.26,2944.26,0
2765,348,1,4405.87,4405.87,1
2766,26,2,3935.89,1967.945,3
2767,315,1,4669.97,4669.97,1
2769,82,2,7831.370000000001,3915.6850000000004,3
2770,148,1,4767.51,4767.51,1
2771,8,4,3720.2200000000003,930.0550000000001,3
2773,106,1,230.29,230.29,2
2774,40,2,3032.86,1516.43,3
2775,216,1,2716.37,2716.37,0
2783,42,1,4705.75,4705.75,1
2786,205,1,3063.75,3063.75,1
2788,47,1,3097.52,3097.52,1
2790,22,1,4461.04,4461.04,1
2791,312,1,138.41,138.41,0
2801,330,1,917.9,917.9,0
2802,310,1,4450.35,4450.35,1
2803,335,1,309.67,309.67,0
2804,236,1,627.05,627.05,0
2806,15,2,5782.18,2891.09,3
2807,154,1,4875.86,4875.86,1
2810,330,1,2802.65,2802.65,0
2813,280,1,3454.98,3454.98,1
2815,360,1,1987.75,1987.75,0
2818,282,1,3097.7,3097.7,0
2819,126,1,150.64,150.64,2
2821,119,2,5142.49,2571.245,3
2823,337,1,366.41,366.41,0
2825,43,1,2606.89,2606.89,2
2826,332,1,228.28,228.28,0
2828,284,1,1949.77,1949.77,0
2833,360,1,2815.01,2815.01,0
2834,17,3,9160.630000000001,3053.5433333333335,3
2846,229,1,2643.71,2643.71,0
2847,215,1,3993.87,3993.87,1
2849,346,1,1442.38,1442.38,0
2851,45,1,1699.84,1699.84,2
2855,65,1,2761.59,2761.59,2
2857,63,1,3922.04,3922.04,1
2858,16,4,8457.43,2114.3575,3
2866,103,1,3619.08,3619.08,1
2869,30,2,5430.889999999999,2715.4449999999997,3
2870,82,1,1613.32,1613.32,2
2871,137,1,3449.85,3449.85,1
2872,268,1,599.83,599.83,0
2873,27,1,2481.46,2481.46,2
2874,38,1,1340.26,1340.26,2
2878,163,1,1393.57,1393.57,2
2879,232,1,4884.15,4884.15,1
2880,327,1,288.02,288.02,0
2884,178,2,6855.139999999999,3427.5699999999997,3
2885,141,1,4232.43,4232.43,1
2887,181,1,3675.67,3675.67,1
2890,260,2,4868.22,2434.11,3
2892,82,1,1006.23,1006.23,2
2894,100,3,11478.07,3826.023333333333,3
2896,14,2,4836.74,2418.37,3
2900,231,1,2947.66,2947.66,1
2901,185,2,4901.15,2450.575,3
2902,153,2,5932.049999999999,2966.0249999999996,3
2903,104,1,2067.15,2067.15,2
2905,325,1,1902.64,1902.64,0
2911,48,1,1623.58,1623.58,2
2913,69,1,661.65,661.65,2
2914,71,1,525.99,525.99,2
2915,51,1,1977.2,1977.2,2
2916,176,1,112.66,112.66,2
2918,244,1,4618.14,4618.14,1
2919,226,1,2743.29,2743.29,0
2921,64,1,3664.19,3664.19,1
2922,187,2,4666.68,2333.34,3
2932,46,2,5720.27,2860.135,3
2934,307,1,2759.95,2759.95,0
2935,115,2,4578.52,2289.26,3
2936,158,2,7320.4800000000005,3660.2400000000002,3
2937,281,1,3318.5,3318.5,1
2938,349,1,4534.54,4534.54,1
2943,359,1,466.96,466.96,0
2945,128,1,4664.93,4664.93,1
2947,329,1,2500.67,2500.67,0
2949,145,1,284.92,284.92,2
2950,273,1,809.59,809.59,0
2951,145,1,4060.4,4060.4,1
2956,218,1,3055.11,3055.11,1
2958,244,1,3882.08,3882.08,1
2964,337,1,2725.07,2725.07,0
2965,219,2,5914.879999999999,2957.4399999999996,3
2967,173,1,3344.35,3344.35,1
2971,239,1,705.27,705.27,0
2973,165,2,3423.8500000000004,1711.9250000000002,3
2976,177,1,2847.36,2847.36,1
2978,352,1,4624.25,4624.25,1
2980,265,1,2965.16,2965.16,0
2982,343,1,4255.28,4255.28,1
2983,84,1,2539.32,2539.32,2
2986,135,1,27.13,27.13,2
2989,89,1,3618.09,3618.09,1
2990,294,1,4286.71,4286.71,1
2991,298,1,2923.23,2923.23,0
2994,297,1,125.86,125.86,0
2996,180,1,3095.12,3095.12,1
2997,180,1,3668.52,3668.52,1
3001,238,1,992.23,992.23,0
3002,195,1,446.4,446.4,2
3003,195,2,6451.34,3225.67,3
3004,132,2,3481.08,1740.54,3
3006,340,1,3999.45,3999.45,1
3007,273,1,2611.6,2611.6,0
3009,2,1,4752.33,4752.33,1
3010,92,1,3253.15,3253.15,1
3014,335,1,3167.93,3167.93,0
3016,263,1,820.28,820.28,0
3017,121,4,9928.26,2482.065,3
3019,185,1,2878.45,2878.45,1
3020,104,1,3527.19,3527.19,1
3021,285,2,5673.87,2836.935,3
3030,137,2,5769.0599999999995,2884.5299999999997,3
3043,305,1,2480.04,2480.04,0
3046,273,1,4794.52,4794.52,1
3053,233,1,3205.34,3205.34,1
3054,198,1,2234.5,2234.5,0
3055,323,1,4884.79,4884.79,1
3056,75,1,2553.88,2553.88,2
3059,46,1,1931.16,1931.16,2
3060,50,1,2359.4,2359.4,2
3065,335,1,744.76,744.76,0
3067,118,1,4479.56,4479.56,1
3070,110,1,359.84,359.84,2
3072,325,1,2448.7,2448.7,0
3073,187,3,7762.15,2587.383333333333,3
3080,129,1,1815.41,1815.41,2
3081,53,1,2151.79,2151.79,2
3083,307,1,2885.93,2885.93,0
3084,167,3,10999.65,3666.5499999999997,3
3087,325,1,4057.05,4057.05,1
3093,274,1,3160.29,3160.29,1
3100,194,1,1923.39,1923.39,0
3101,31,1,1656.37,1656.37,2
3103,64,1,4000.53,4000.53,1
3104,137,1,2721.75,2721.75,1
3107,308,1,2301.39,2301.39,0
3108,231,2,5851.95,2925.975,3
3110,340,1,3766.13,3766.13,1
3114,349,1,2296.77,2296.77,0
3116,95,1,1506.47,1506.47,2
3118,234,2,5530.0,2765.0,3
3124,290,1,3729.49,3729.49,1
3129,193,1,4691.41,4691.41,1
3130,223,2,3293.58,1646.79,3
3136,197,1,3391.43,3391.43,1
3140,45,1,3032.68,3032.68,1
3145,74,1,1675.07,1675.07,2
3151,217,1,2008.22,2008.22,0
3154,326,1,1229.07,1229.07,0
3155,157,1,1817.57,1817.57,2
3156,331,2,3532.8100000000004,1766.4050000000002,0
3158,296,1,2420.98,2420.98,0
3159,273,2,2574.29,1287.145,0
3160,66,1,4167.08,4167.08,1
3161,16,2,6394.37,3197.185,3
3167,30,1,1014.06,1014.06,2
3168,26,1,726.23,726.23,2
3171,140,1,2340.13,2340.13,2
3173,166,1,488.2,488.2,2
3175,317,1,4752.17,4752.17,1
3176,241,1,4303.08,4303.08,1
3177,177,1,562.54,562.54,2
3180,94,1,697.86,697.86,2
3182,44,1,791.64,791.64,2
3187,270,1,2638.54,2638.54,0
3188,187,1,169.33,169.33,2
3190,210,2,5568.47,2784.235,3
3191,160,1,4154.75,4154.75,1
3194,52,1,3958.03,3958.03,1
3195,57,1,3929.05,3929.05,1
3196,43,2,2808.3500000000004,1404.1750000000002,3
3197,40,1,1420.67,1420.67,2
3198,268,1,409.06,409.06,0
3200,16,1,3839.6,3839.6,1
3202,36,1,425.46,425.46,2
3204,237,2,3735.05,1867.525,3
3211,143,1,1740.96,1740.96,2
3212,236,1,3140.41,3140.41,1
3216,83,1,3044.65,3044.65,1
3217,239,1,491.32,491.32,0
3225,255,1,193.84,193.84,0
3226,86,2,2992.12,1496.06,3
3227,8,1,4101.2,4101.2,1
3228,224,1,4427.36,4427.36,1
3240,176,1,4433.94,4433.94,1
3243,185,1,4588.51,4588.51,1
3246,12,1,3751.45,3751.45,1
3247,111,2,3107.6600000000003,1553.8300000000002,3
3248,76,2,6001.89,3000.945,3
3254,1,1,329.0,329.0,2
3255,22,3,8957.77,2985.9233333333336,3
3258,171,1,4213.94,4213.94,1
3261,121,1,1609.11,1609.11,2
3262,268,1,4188.71,4188.71,1
3264,287,2,4710.95,2355.475,3
3265,209,1,3412.65,3412.65,1
3268,53,1,996.57,996.57,2
3271,252,1,23.11,23.11,0
3272,5,1,1943.29,1943.29,2
3275,177,1,2580.87,2580.87,1
3276,226,2,8333.470000000001,4166.735000000001,3
3280,57,1,3678.89,3678.89,1
3281,108,1,2330.0,2330.0,2
3283,119,1,117.99,117.99,2
3285,100,2,5557.18,2778.59,3
3288,316,1,1518.82,1518.82,0
3294,52,2,3520.29,1760.145,3
3299,216,1,4919.67,4919.67,1
3300,50,2,9172.74,4586.37,3
3301,61,1,620.84,620.84,2
3303,177,1,1266.16,1266.16,2
3304,214,2,5404.45,2702.225,3
3305,184,1,4032.11,4032.11,1
3306,25,1,1163.93,1163.93,2
3309,324,1,3211.77,3211.77,0
3311,239,2,3025.47,1512.735,0
3314,7,1,2436.12,2436.12,2
3315,77,1,2823.86,2823.86,1
3318,153,1,4035.04,4035.04,1
3321,318,1,3957.95,3957.95,1
3325,245,1,3998.97,3998.97,1
3330,16,1,786.13,786.13,2
3338,5,1,1626.09,1626.09,2
3343,228,1,4313.85,4313.85,1
3345,351,1,1509.17,1509.17,0
3348,175,2,2737.85,1368.925,3
3351,318,1,3100.37,3100.37,0
3353,108,1,3244.2,3244.2,1
3357,361,1,3351.29,3351.29,0
3367,209,2,4473.96,2236.98,3
3369,238,2,6779.92,3389.96,3
3370,224,2,6412.070000000001,3206.0350000000003,3
3373,146,2,6178.38,3089.19,3
3375,29,1,1143.8,1143.8,2
3376,116,1,14.87,14.87,2
3377,63,1,287.77,287.77,2
3380,325,1,2336.02,2336.02,0
3381,111,2,1839.8600000000001,919.9300000000001,2
3383,27,1,4929.0,4929.0,1
3388,39,2,6284.35,3142.175,3
3390,235,1,3525.25,3525.25,1
3395,133,1,4436.53,4436.53,1
3398,13,1,2422.15,2422.15,2
3400,19,2,4607.68,2303.84,3
3404,296,1,3382.25,3382.25,1
3406,311,1,3049.85,3049.85,0
3409,85,1,314.87,314.87,2
3411,200,1,759.4,759.4,2
3415,172,2,3936.93,1968.465,3
3425,157,1,3227.41,3227.41,1
3426,39,1,2155.88,2155.88,2
3427,132,1,3311.16,3311.16,1
3428,102,1,2414.31,2414.31,2
3429,103,2,7188.74,3594.37,3
3430,140,2,7498.48,3749.24,3
3431,48,1,4655.99,4655.99,1
3433,223,1,3378.36,3378.36,1
3435,339,1,600.76,600.76,0
3436,50,1,4522.68,4522.68,1
3439,120,1,3388.74,3388.74,1
3443,192,1,895.38,895.38,2
3448,18,2,3940.25,1970.125,3
3449,114,3,5464.91,1821.6366666666665,3
3454,335,1,3944.52,3944.52,1
3455,263,2,612.16,306.08,0
3461,311,1,2926.68,2926.68,0
3464,267,1,4151.64,4151.64,1
3470,318,1,3060.24,3060.24,0
3472,168,1,788.02,788.02,2
3475,343,1,3384.5,3384.5,0
3478,5,1,1092.55,1092.55,2
3480,206,2,2954.81,1477.405,3
3482,261,1,3632.93,3632.93,1
3490,201,1,3285.71,3285.71,1
3491,276,1,152.11,152.11,0
3498,128,1,3554.56,3554.56,1
3500,185,2,3298.71,1649.355,3
3503,359,1,4723.18,4723.18,1
3504,339,1,3055.23,3055.23,0
3507,71,1,2306.59,2306.59,2
3509,193,1,2614.95,2614.95,1
3517,164,1,3918.06,3918.06,1
3518,54,2,4902.94,2451.47,3
3528,259,1,3432.33,3432.33,1
3531,113,1,3378.67,3378.67,1
3533,27,2,3104.37,1552.185,3
3539,304,1,1173.79,1173.79,0
3545,16,2,4362.92,2181.46,3
3550,212,1,1271.54,1271.54,0
3555,12,2,4950.73,2475.365,3
3557,200,1,3524.26,3524.26,1
3558,137,1,512.08,512.08,2
3561,57,2,7916.41,3958.205,3
3562,115,1,1722.52,1722.52,2
3564,18,1,2614.54,2614.54,2
3568,77,1,149.87,149.87,2
3570,215,1,2717.55,2717.55,0
3573,91,1,1952.59,1952.59,2
3574,91,1,1923.32,1923.32,2
3576,104,1,2080.2,2080.2,2
3578,206,2,5610.24,2805.12,3
3580,294,2,3348.9300000000003,1674.4650000000001,0
3582,38,1,3398.33,3398.33,1
3584,45,3,6735.71,2245.2366666666667,3
3586,74,1,2383.23,2383.23,2
3588,366,1,4137.24,4137.24,1
3595,281,1,4435.07,4435.07,1
3598,294,1,186.61,186.61,0
3602,1,1,2861.3,2861.3,2
3603,269,1,258.97,258.97,0
3605,154,2,5352.9,2676.45,3
3610,41,1,2302.86,2302.86,2
3611,139,2,6589.6,3294.8,3
3613,68,2,5584.87,2792.435,3
3614,178,1,1806.5,1806.5,2
3618,9,1,2865.01,2865.01,2
3625,164,2,6861.450000000001,3430.7250000000004,3
3630,265,2,5156.84,2578.42,3
3633,260,2,4956.37,2478.185,3
3635,75,1,2977.69,2977.69,1
3636,140,2,7627.23,3813.615,3
3643,61,2,6037.0,3018.5,3
3645,176,1,1731.7,1731.7,2
3649,334,1,3628.42,3628.42,1
3653,314,2,5773.25,2886.625,3
3654,165,3,7015.45,2338.483333333333,3
3666,299,1,2282.85,2282.85,0
3674,57,1,1086.6,1086.6,2
3676,184,1,3757.5,3757.5,1
3682,186,1,2212.37,2212.37,0
3685,337,1,2388.96,2388.96,0
3686,328,1,2918.81,2918.81,0
3688,251,1,2393.68,2393.68,0
3695,274,2,1795.61,897.805,0
3696,180,2,2248.58,1124.29,2
3699,124,1,2003.91,2003.91,2
3700,139,1,2634.47,2634.47,1
3701,187,1,1077.38,1077.38,2
3702,160,2,7504.21,3752.105,3
3703,358,1,3068.9,3068.9,0
3704,14,4,8617.09,2154.2725,3
3705,188,1,2352.26,2352.26,0
3708,213,1,4682.7,4682.7,1
3713,185,1,4702.75,4702.75,1
3715,19,1,4908.4,4908.4,1
3718,19,1,352.08,352.08,2
3720,8,1,3854.73,3854.73,1
3722,119,1,41.76,41.76,2
3728,48,2,4075.86,2037.93,3
3730,292,1,1538.22,1538.22,0
3744,147,1,702.37,702.37,2
3745,229,1,3317.94,3317.94,1
3749,20,2,6873.53,3436.765,3
3750,94,1,2276.9,2276.9,2
3754,191,2,5363.9400000000005,2681.9700000000003,3
3755,105,3,7256.61,2418.87,3
3760,123,1,580.75,580.75,2
3761,359,1,3740.2,3740.2,1
3765,257,1,4344.32,4344.32,1
3768,52,2,3317.07,1658.535,3
3770,242,2,5522.96,2761.48,3
3771,203,1,1133.56,1133.56,0
3773,365,1,1971.82,1971.82,0
3775,253,1,2277.86,2277.86,0
3777,259,1,3838.72,3838.72,1
3780,216,3,7046.81,2348.936666666667,3
3785,132,1,3470.61,3470.61,1
3786,28,1,3985.37,3985.37,1
3791,230,1,296.92,296.92,0
3794,26,1,3326.56,3326.56,1
3795,59,1,3111.63,3111.63,1
3796,94,1,267.59,267.59,2
3798,267,1,1472.52,1472.52,0
3800,26,1,3303.02,3303.02,1
3801,243,2,7981.98,3990.99,3
3806,326,1,2922.04,2922.04,0
3807,346,1,3198.88,3198.88,0
3809,236,2,4086.62,2043.31,3
3819,178,1,1523.44,1523.44,2
3820,351,1,3597.04,3597.04,1
3821,258,1,749.33,749.33,0
3822,93,1,4894.63,4894.63,1
3825,101,1,2768.21,2768.21,1
3826,67,2,8885.57,4442.785,3
3827,178,1,4526.18,4526.18,1
3830,167,1,1149.95,1149.95,2
3832,355,1,3067.31,3067.31,0
3835,24,1,4861.03,4861.03,1
3838,17,1,2395.17,2395.17,2
3841,7,1,3010.89,3010.89,2
3843,49,1,4764.65,4764.65,1
3848,278,1,4314.84,4314.84,1
3850,314,1,2655.23,2655.23,0
3853,257,2,2475.45,1237.725,0
3856,74,2,7209.25,3604.625,3
3858,208,1,2920.14,2920.14,1
3861,349,1,2898.65,2898.65,0
3863,181,2,6585.09,3292.545,3
3864,96,2,5023.24,2511.62,3
3872,285,1,4798.35,4798.35,1
3873,135,2,6761.74,3380.87,3
3875,276,1,3428.66,3428.66,1
3877,150,1,1330.58,1330.58,2
3882,321,1,1691.32,1691.32,0
3886,246,1,3807.02,3807.02,1
3887,82,1,231.91,231.91,2
3888,125,1,83.93,83.93,2
3894,180,1,3271.77,3271.77,1
3896,145,1,116.74,116.74,2
3897,49,2,7968.24,3984.12,3
3899,229,2,8935.89,4467.945,3
3900,114,1,3954.29,3954.29,1
3901,83,1,651.85,651.85,2
3903,234,1,2021.55,2021.55,0
3905,306,1,1414.95,1414.95,0
3906,48,1,1674.62,1674.62,2
3908,52,1,803.27,803.27,2
3910,112,2,2060.42,1030.21,2
3913,345,1,4917.39,4917.39,1
3914,110,1,2936.09,2936.09,1
3916,157,1,2560.0,2560.0,1
3917,245,1,2889.81,2889.81,0
3918,294,1,2772.21,2772.21,0
3922,3,1,1091.21,1091.21,2
3926,265,1,1542.1,1542.1,0
3931,81,2,5224.72,2612.36,3
3933,353,1,2716.26,2716.26,0
3934,83,1,1949.67,1949.67,2
3938,68,2,3622.66,1811.33,3
3939,31,1,4886.12,4886.12,1
3940,231,1,3434.91,3434.91,1
3943,165,2,4689.08,2344.54,3
3944,139,1,1394.82,1394.82,2
3945,152,1,495.3,495.3,2
3950,180,1,3520.92,3520.92,1
3952,77,1,4028.95,4028.95,1
3955,98,1,1710.03,1710.03,2
3956,91,2,8097.09,4048.545,3
3957,356,1,4563.86,4563.86,1
3960,103,2,3654.35,1827.175,3
3962,327,1,1552.14,1552.14,0
3970,255,2,9295.98,4647.99,3
3975,288,1,94.31,94.31,0
3977,115,2,3748.7,1874.35,3
3982,145,1,2291.63,2291.63,2
3985,134,1,3015.09,3015.09,1
3987,143,1,2935.93,2935.93,1
3990,157,1,4169.78,4169.78,1
3996,359,1,2204.12,2204.12,0
3997,164,2,5949.15,2974.575,3
4000,79,2,5812.0,2906.0,3
4002,130,1,4552.48,4552.48,1
4008,282,1,1388.85,1388.85,0
4011,213,2,414.32,207.16,2
4012,136,1,1278.65,1278.65,2
4013,257,2,2709.0299999999997,1354.5149999999999,0
4019,102,1,1053.61,1053.61,2
4021,233,1,4303.59,4303.59,1
4023,40,1,3618.4,3618.4,1
4024,123,1,4251.63,4251.63,1
4026,196,1,1633.04,1633.04,0
4038,8,1,3913.99,3913.99,1
4039,234,1,1283.52,1283.52,0
4040,92,2,2078.06,1039.03,2
4042,138,1,1745.98,1745.98,2
4043,194,1,1328.63,1328.63,0
4044,75,2,7772.030000000001,3886.0150000000003,3
4045,137,2,2278.92,1139.46,2
4046,335,1,1462.88,1462.88,0
4053,102,1,3517.12,3517.12,1
4054,126,2,2825.55,1412.775,3
4057,70,2,5465.67,2732.835,3
4060,280,1,2722.66,2722.66,0
4062,154,1,2223.45,2223.45,2
4064,95,1,868.04,868.04,2
4066,20,2,7069.5199999999995,3534.7599999999998,3
4067,48,1,1132.17,1132.17,2
4071,90,1,706.21,706.21,2
4073,35,3,6200.51,2066.8366666666666,3
4074,222,1,3515.0,3515.0,1
4076,82,1,662.54,662.54,2
4077,92,1,4246.06,4246.06,1
4080,206,1,588.68,588.68,2
4086,307,1,2001.62,2001.62,0
4091,340,1,735.68,735.68,0
4093,170,1,4493.3,4493.3,1
4094,143,1,1356.62,1356.62,2
4095,133,1,2251.63,2251.63,2
4096,15,1,1263.63,1263.63,2
4097,177,1,494.11,494.11,2
4098,342,1,2280.79,2280.79,0
4102,137,2,6367.629999999999,3183.8149999999996,3
4104,277,1,233.06,233.06,0
4108,261,1,3914.07,3914.07,1
4115,147,1,2896.41,2896.41,1
4122,50,1,1714.56,1714.56,2
4123,166,1,1261.0,1261.0,2
4128,215,1,1085.39,1085.39,0
4131,191,1,3303.0,3303.0,1
4132,272,1,3280.78,3280.78,1
4136,81,1,4737.48,4737.48,1
4140,271,1,641.37,641.37,0
4142,93,1,3405.29,3405.29,1
4153,239,1,563.13,563.13,0
4155,263,1,2345.89,2345.89,0
4156,29,2,1046.44,523.22,2
4157,138,1,3536.19,3536.19,1
4162,101,1,3545.81,3545.81,1
4164,121,1,1144.7,1144.7,2
4169,61,1,1511.33,1511.33,2
4172,181,1,4579.27,4579.27,1
4174,192,1,223.55,223.55,2
4177,43,1,2798.45,2798.45,2
4179,65,1,1630.22,1630.22,2
4181,203,1,4856.89,4856.89,1
4183,204,1,4936.99,4936.99,1
4184,313,1,1170.53,1170.53,0
4185,98,2,6474.93,3237.465,3
4186,223,2,2715.25,1357.625,0
4187,41,1,2832.38,2832.38,2
4188,265,1,2899.82,2899.82,0
4190,104,2,3284.67,1642.335,3
4193,197,2,5759.32,2879.66,3
4202,272,1,1742.3,1742.3,0
4203,188,1,3023.54,3023.54,1
4204,249,1,562.72,562.72,0
4205,287,2,6946.17,3473.085,3
4207,348,1,961.61,961.61,0
4209,153,2,432.02,216.01,2
4215,291,2,7446.41,3723.205,3
4219,219,1,4077.73,4077.73,1
4222,84,1,1091.17,1091.17,2
4224,269,2,5542.66,2771.33,3
4233,163,1,893.12,893.12,2
4236,299,3,8941.0,2980.3333333333335,3
4237,72,2,1461.98,730.99,2
4239,237,1,2302.22,2302.22,0
4242,16,1,1349.72,1349.72,2
4251,285,1,129.14,129.14,0
4253,265,1,4070.71,4070.71,1
4254,147,1,3957.49,3957.49,1
4255,98,1,129.36,129.36,2
4257,354,1,3100.59,3100.59,0
4263,15,1,3907.46,3907.46,1
4265,22,2,1605.95,802.975,2
4269,342,1,4031.21,4031.21,1
4271,242,1,1219.63,1219.63,0
4276,259,1,4148.79,4148.79,1
4277,9,2,3997.6899999999996,1998.8449999999998,3
4279,76,1,3303.51,3303.51,1
4280,39,1,2693.99,2693.99,2
4281,267,1,1365.81,1365.81,0
4287,231,1,1361.19,1361.19,0
4289,57,1,3781.25,3781.25,1
4290,328,2,4343.92,2171.96,3
4293,44,1,177.99,177.99,2
4294,4,1,1888.69,1888.69,2
4298,76,2,5370.219999999999,2685.1099999999997,3
4303,95,1,3383.75,3383.75,1
4312,9,1,704.75,704.75,2
4317,338,1,463.67,463.67,0
4318,11,3,7130.889999999999,2376.963333333333,3
4319,266,1,348.76,348.76,0
4321,92,2,4604.32,2302.16,3
4325,109,1,4829.09,4829.09,1
4326,101,1,3856.71,3856.71,1
4327,127,2,5608.09,2804.045,3
4328,11,1,2179.36,2179.36,2
4331,332,1,3865.93,3865.93,1
4333,34,1,3586.45,3586.45,1
4334,23,1,809.68,809.68,2
4335,142,1,3582.38,3582.38,1
4339,204,1,1748.22,1748.22,0
4341,33,1,4426.36,4426.36,1
4347,6,1,3732.8,3732.8,1
4348,220,2,7164.6,3582.3,3
4350,50,3,7181.71,2393.903333333333,3
4352,142,1,4047.46,4047.46,1
4353,151,2,4845.22,2422.61,3
4354,60,1,3351.19,3351.19,1
4355,17,3,4131.86,1377.2866666666666,3
4356,80,2,7806.59,3903.295,3
4359,227,2,2057.74,1028.87,0
4362,45,2,5366.66,2683.33,3
4366,40,2,2350.08,1175.04,2
4368,28,2,5356.25,2678.125,3
4369,27,1,1411.65,1411.65,2
4373,45,2,836.6800000000001,418.34000000000003,2
4378,36,1,68.25,68.25,2
4379,288,2,6579.87,3289.935,3
4381,151,1,1249.37,1249.37,2
4386,142,1,2936.66,2936.66,1
4388,2,1,3491.28,3491.28,1
4389,4,1,234.39,234.39,2
4390,181,1,4320.38,4320.38,1
4393,39,1,1946.95,1946.95,2
4395,169,2,7856.61,3928.305,3
4398,135,1,1691.23,1691.23,2
4401,3,2,2876.38,1438.19,3
4408,116,1,3737.47,3737.47,1
4416,309,1,1673.43,1673.43,0
4421,76,1,1894.75,1894.75,2
4425,93,2,6008.5599999999995,3004.2799999999997,3
4428,136,1,3383.95,3383.95,1
4429,21,1,2884.33,2884.33,2
4430,75,1,1806.76,1806.76,2
4431,249,1,3700.46,3700.46,1
4435,118,1,3166.63,3166.63,1
4436,103,1,1633.32,1633.32,2
4442,283,1,624.56,624.56,0
4449,168,1,4312.1,4312.1,1
4456,186,2,8642.39,4321.195,3
4457,41,2,4167.01,2083.505,3
4458,206,1,3794.18,3794.18,1
4463,233,2,3919.63,1959.815,3
4464,254,1,4285.62,4285.62,1
4465,218,1,3391.58,3391.58,1
4466,207,1,3192.52,3192.52,1
4468,152,1,4407.42,4407.42,1
4472,178,1,4593.23,4593.23,1
4474,106,1,3958.32,3958.32,1
4477,329,1,713.44,713.44,0
4481,256,1,3283.58,3283.58,1
4487,112,1,107.02,107.02,2
4491,278,1,4437.07,4437.07,1
4494,286,1,2648.32,2648.32,0
4498,191,1,2398.27,2398.27,0
4500,220,1,3818.15,3818.15,1
4501,167,1,2122.19,2122.19,2
4507,291,1,4310.19,4310.19,1
4509,227,1,559.98,559.98,0
4510,327,1,3877.72,3877.72,1
4511,166,1,4670.14,4670.14,1
4512,160,1,3152.49,3152.49,1
4513,70,1,1258.45,1258.45,2
4514,354,1,2301.57,2301.57,0
4517,101,3,6143.639999999999,2047.8799999999999,3
4518,140,1,3958.53,3958.53,1
4520,18,2,7502.18,3751.09,3
4529,32,2,2473.5,1236.75,2
4532,131,1,464.13,464.13,2
4534,71,2,6712.03,3356.015,3
4535,287,1,4720.92,4720.92,1
4539,90,1,2531.71,2531.71,2
4544,82,1,594.32,594.32,2
4545,277,1,4814.42,4814.42,1
4548,102,2,2020.6100000000001,1010.3050000000001,2
4549,222,1,2862.13,2862.13,1
4551,166,1,3525.04,3525.04,1
4552,14,4,11458.05,2864.5125,3
4553,304,1,4794.56,4794.56,1
4558,58,2,7217.85,3608.925,3
4559,210,1,3975.26,3975.26,1
4560,8,1,3666.08,3666.08,1
4561,109,1,2328.61,2328.61,2
4564,92,2,4739.71,2369.855,3
4565,212,1,1416.8,1416.8,0
4568,357,1,3361.54,3361.54,0
4573,59,1,1579.78,1579.78,2
4575,358,1,1528.73,1528.73,0
4576,115,1,587.98,587.98,2
4580,332,1,2131.61,2131.61,0
4582,175,1,4676.17,4676.17,1
4584,48,1,1236.1,1236.1,2
4591,315,1,4167.34,4167.34,1
4592,277,1,556.51,556.51,0
4593,26,1,4015.78,4015.78,1
4595,223,1,1927.7,1927.7,0
4599,54,3,9042.82,3014.273333333333,3
4600,256,1,1918.31,1918.31,0
4601,324,1,3181.01,3181.01,0
4602,81,1,626.17,626.17,2
4604,94,1,3903.75,3903.75,1
4607,80,1,519.34,519.34,2
4609,64,1,1721.28,1721.28,2
4610,174,1,2378.07,2378.07,0
4614,176,1,1785.44,1785.44,2
4615,292,1,2220.27,2220.27,0
4616,93,1,1608.19,1608.19,2
4618,47,1,3373.09,3373.09,1
4622,84,1,3100.38,3100.38,1
4625,174,2,4950.59,2475.295,3
4626,222,1,3222.65,3222.65,1
4632,226,1,3608.1,3608.1,1
4633,126,1,2941.71,2941.71,1
4638,131,1,1008.13,1008.13,2
4641,210,2,4262.59,2131.295,3
4642,323,1,3521.18,3521.18,1
4644,186,1,2089.88,2089.88,0
4646,35,1,2951.59,2951.59,1
4650,153,1,1662.09,1662.09,2
4651,8,1,2603.52,2603.52,2
4652,357,1,123.06,123.06,0
4655,22,2,4022.7299999999996,2011.3649999999998,3
4656,84,1,532.3,532.3,2
4660,37,2,1259.87,629.935,2
4664,205,1,2484.94,2484.94,0
4668,100,1,917.15,917.15,2
4672,106,1,2583.81,2583.81,2
4673,158,1,1254.82,1254.82,2
4678,93,3,6931.06,2310.3533333333335,3
4680,308,1,3141.89,3141.89,0
4686,178,1,2635.05,2635.05,1
4691,196,1,4229.71,4229.71,1
4693,330,1,1137.57,1137.57,0
4700,192,1,1284.27,1284.27,2
4702,171,1,3833.13,3833.13,1
4703,41,2,2743.52,1371.76,2
4711,108,2,4656.09,2328.045,3
4714,155,1,2411.43,2411.43,2
4724,233,2,4958.31,2479.155,3
4728,306,1,3582.21,3582.21,1
4733,267,1,1713.33,1713.33,0
4736,45,2,511.41999999999996,255.70999999999998,2
4737,313,2,5124.43,2562.215,3
4739,166,3,9781.7,3260.566666666667,3
4741,209,1,2946.75,2946.75,1
4742,44,1,3883.96,3883.96,1
4743,295,1,658.9,658.9,0
4744,35,3,9180.779999999999,3060.2599999999998,3
4747,157,2,5853.1,2926.55,3
4750,335,1,2867.71,2867.71,0
4752,151,1,1600.8,1600.8,2
4756,110,2,4839.55,2419.775,3
4758,362,1,1305.57,1305.57,0
4759,133,1,631.97,631.97,2
4762,38,1,2006.37,2006.37,2
4765,14,3,11610.83,3870.2766666666666,3
4768,83,1,3572.34,3572.34,1
4770,130,1,2203.44,2203.44,2
4771,200,1,2324.08,2324.08,0
4774,34,1,4866.55,4866.55,1
4779,45,2,2808.21,1404.105,3
4782,41,2,5746.5,2873.25,3
4783,283,1,4532.05,4532.05,1
4784,17,2,4674.9400000000005,2337.4700000000003,3
4785,51,1,1175.03,1175.03,2
4786,35,1,913.12,913.12,2
4791,59,1,2536.77,2536.77,2
4793,158,1,4576.65,4576.65,1
4795,76,1,797.71,797.71,2
4797,78,1,4598.75,4598.75,1
4799,59,1,2568.68,2568.68,2
4803,257,1,3754.72,3754.72,1
4806,3,1,1814.67,1814.67,2
4807,351,1,2724.07,2724.07,0
4808,105,1,3987.78,3987.78,1
4814,160,1,3751.62,3751.62,1
4815,329,1,1361.68,1361.68,0
4817,39,3,10828.48,3609.4933333333333,3
4821,58,2,5197.3,2598.65,3
4826,285,1,4504.85,4504.85,1
4830,78,1,696.63,696.63,2
4832,22,1,3489.46,3489.46,1
4835,154,2,3247.44,1623.72,3
4838,74,1,3989.34,3989.34,1
4841,345,1,981.2,981.2,0
4843,92,2,686.0,343.0,2
4846,344,1,4840.75,4840.75,1
4847,31,1,1820.24,1820.24,2
4849,136,1,3727.58,3727.58,1
4854,9,1,599.76,599.76,2
4856,86,2,4304.889999999999,2152.4449999999997,3
4859,55,2,2456.9399999999996,1228.4699999999998,2
4860,217,1,3425.73,3425.73,1
4861,298,1,3906.51,3906.51,1
4863,152,2,7230.99,3615.495,3
4865,186,1,152.07,152.07,2
4866,15,2,6664.1900000000005,3332.0950000000003,3
4867,137,3,4912.110000000001,1637.3700000000001,3
4869,75,2,5657.2,2828.6,3
4872,123,1,182.34,182.34,2
4876,97,1,2854.65,2854.65,1
4879,207,1,2976.71,2976.71,1
4881,299,1,3538.51,3538.51,1
4883,341,1,539.12,539.12,0
4884,215,1,1191.31,1191.31,0
4887,81,1,603.05,603.05,2
4890,316,1,4270.6,4270.6,1
4892,110,1,1315.89,1315.89,2
4893,337,1,80.05,80.05,0
4898,299,1,3489.49,3489.49,1
4899,105,1,2628.9,2628.9,2
4901,359,1,2582.64,2582.64,0
4904,194,1,1948.63,1948.63,0
4906,342,1,2422.68,2422.68,0
4908,329,1,4845.6,4845.6,1
4914,148,1,2380.35,2380.35,2
4915,340,1,2516.76,2516.76,0
4916,195,2,3157.65,1578.825,3
4918,85,2,3249.87,1624.935,3
4919,266,1,4217.03,4217.03,1
4925,151,1,13.61,13.61,2
4927,156,1,4792.27,4792.27,1
4930,175,1,887.18,887.18,2
4931,97,1,791.11,791.11,2
4933,86,3,2235.8199999999997,745.2733333333332,3
4938,253,1,2547.83,2547.83,0
4940,261,1,2635.53,2635.53,0
4941,253,1,3686.01,3686.01,1
4944,60,2,4962.59,2481.295,3
4950,42,1,458.83,458.83,2
4954,184,1,42.58,42.58,2
4955,174,1,4323.11,4323.11,1
4959,268,1,4154.26,4154.26,1
4960,277,1,2363.52,2363.52,0
4961,226,1,4488.08,4488.08,1
4963,36,1,732.88,732.88,2
4965,35,2,6246.05,3123.025,3
4969,232,1,2643.78,2643.78,0
4971,90,2,6549.08,3274.54,3
4974,239,2,8055.68,4027.84,3
4980,264,1,792.55,792.55,0
4982,55,1,3383.1,3383.1,1
4985,263,1,3543.99,3543.99,1
4989,316,1,3745.19,3745.19,1
4990,365,1,2486.54,2486.54,0
4992,317,1,3081.36,3081.36,0
4993,66,1,3818.64,3818.64,1
4994,224,1,2298.62,2298.62,0
4995,105,2,5139.96,2569.98,3
4997,6,2,4543.99,2271.995,3
